{
  "feature_scaler": {
    "mean": [
      1.5034776847977684,
      1.5047677824267782,
      1.5121806136680611,
      1.5027935068960179,
      1.505339277412499,
      2.3536510925151095,
      0.5868997351841349,
      8.01673640167364,
      2.999302649930265
    ],
    "scale": [
      1.7453128483566687,
      1.7474087481923781,
      1.7581850927128913,
      1.6589804600670142,
      1.5471533588843935,
      2.2020681136274662,
      0.65485208217006,
      2.938656692514004,
      2.0012198690276453
    ]
  },
  "target_scaler": {
    "mean": 1.4091728960584102,
    "scale": 1.7061216300633373
  }
}